"","eigenvalue","percentage of variance","cumulative percentage of variance"
"dim 1",0.0401171201709517,57.6602025957585,57.6602025957585
"dim 2",0.0105034020511594,15.0965046253018,72.7567072210603
"dim 3",0.00788557561125085,11.3339114420812,84.0906186631415
"dim 4",0.00498442998141702,7.16410453512522,91.2547231982667
"dim 5",0.0040690995900721,5.84850322620526,97.103226424472
"dim 6",0.00127592011940828,1.83387571858552,98.9371021430575
"dim 7",0.000739511814680064,1.06289785694251,100
