"","eigenvalue","percentage of variance","cumulative percentage of variance"
"dim 1",0.0490994396639394,66.0297402942611,66.0297402942611
"dim 2",0.0132222668172557,17.7815235778756,83.8112638721367
"dim 3",0.00655789556075738,8.81916664869236,92.6304305208291
"dim 4",0.00361341028628395,4.85937404607842,97.4898045669075
"dim 5",0.00103709239141192,1.39469903800912,98.8845036049166
"dim 6",0.000829478469878172,1.11549639508335,100
